# Atlanta
name: Foreign Exchange Cafe
street_address: 658 West Whitehall St
city: Atlanta
state: Georgia
zip: 30310
---
name: Rialto Center for the Arts
street_address: 80 Forsyth Street
city: Atlanta
state: Georgia
zip: 30303
---
name: Variety Playhouse
street_address: 1099 Euclid Ave
city: Atlanta
state: Georgia
zip: 30307
---
source_type: Localeze::BaseRecord
source_id: 690156497
name: Verizon Wireless Amphitheatre at Encore Park
---
# Chicago
name: Columbia College Chicago
street_address: 600 S Michigan Ave
city: Chicago
state: Illinois
zip: 60605
---
name: Delilah's
street_address: 2771 N Lincoln Ave
city: Chicago
state: Illinois
zip: 60647
---
name: Grant Park
street_address: 331 E Randolph St
city: Chicago
state: Illinois
zip: 60601
---
name: Revive @ El Ray
street_address: 3504 S Western Ave
city: Chicago
state: Illinois
zip: 60609
---
name: Stretch Bar and Grill
street_address: 3485 N Clark St
city: Chicago
state: Illinois
zip: 60657
---
name: The Whistler
street_address: 2421 N Milwaukee Ave
city: Chicago
state: Illinois
zip: 60647
---
name: Uncle Fatty's Rum Resort
street_address: 2833 N Sheffield Ave
city: Chicago
state: Illinois
zip: 60657
---
name: Wrigley Field
street_address: 1060 W Addison St
city: Chicago
state: Illinois
zip: 60613
---
name: Marriott Theatre in Lincolnshire
street_address: 10 Marriott Dr
city: Lincolnshire
state: Illinois
zip: 60069
---
name: The Pearl Room
street_address: 19081 Old LaGrange Rd
city: Mokena
state: Illinois
zip: 60448
---
name: First Midwest Bank Amphitheatre
street_address: 19100 S Ridgeland Ave
city: Tinley Park
state: Illinois
zip: 60477
---
name: Mojoe's Rock House
street_address: 7537 W 159th St
city: Tinley Park
state: Illinois
zip: 60477
---
source_type: Localeze::BaseRecord
source_id: 19511203
name: Auditorium Theatre
street_address: 50 E Congress Pkwy
---
source_type: Localeze::BaseRecord
source_id: 3656024
name: Crobar Chicago
---
source_type: Localeze::BaseRecord
source_id: 142540862
street_address: 329 N Dearborn St
---
source_type: Localeze::BaseRecord
source_id: 88310585
name: iO Theater
---
source_type: Localeze::BaseRecord
source_id: 91277183
name: Toyota Park
---
source_type: Localeze::BaseRecord
source_id: 115007341
name: Tryst
---
# Charlotte area
name: Club Faces
street_address: 2815 Crisman St
city: Charlotte
state: North Carolina
zip: 28208
---
name: Illusions
street_address: 1000 Seaboard St
city: Charlotte
state: North Carolina
zip: 28206
---
name: Memorial Stadium
street_address: 310 N Kings Dr
city: Charlotte
state: North Carolina
zip: 28204
---
name: The Fillmore Charlotte
street_address: 820 Hamilton St
city: Charlotte
state: North Carolina
zip: 28202
---
source_type: Localeze::BaseRecord
source_id: 689480308
name: Bentley's Bar and Grill
---
source_type: Localeze::BaseRecord
source_id: 134157518
name: Time Warner Cable Arena
---
source_type: Localeze::BaseRecord
source_id: 14367393
name: Verizon Wireless Amphitheatre Charlotte
---
# Philadelphia
name: Alexander's
street_address: 2080 Castor Ave 2nd Fl
city: Philadelphia
state: Pennsylvania
zip: 19134
---
# Pittsburg
source_type: Localeze::BaseRecord
source_id: 59967926
name: Altar Bar
---
source_type: Localeze::BaseRecord
source_id: 10522811
name: Heinz Field
---
source_type: Localeze::BaseRecord
source_id: 112384325
name: PNC Park
---
name: Mr. Small’s Theater
street_address: 400 Lincoln Ave
city: Pittsburgh
state: Pennsylvania
zip: 15209
